{
  "USDAED": 3.6729,
  "USDAFN": 68.489998,
  "USDALL": 112.199997,
  "USDAMD": 477.76001,
  "USDANG": 1.770276,
  "USDAOA": 165.095993,
  "USDARS": 17.058998,
  "USDAUD": 1.249706,
  "USDAWG": 1.7875,
  "USDAZN": 1.700299,
  "USDBAM": 1.6464,
  "USDBBD": 2,
  "USDBDT": 81.199997,
  "USDBGN": 1.632699,
  "USDBHD": 0.376951,
  "USDBIF": 1731.869995,
  "USDBMD": 1,
  "USDBND": 1.349401,
  "USDBOB": 6.890253,
  "USDBRL": 3.134703,
  "USDBSD": 1,
  "USDBTC": 0.000265,
  "USDBTN": 63.950001,
  "USDBWP": 10.147298,
  "USDBYN": 1.934202,
  "USDBYR": 20020,
  "USDBZD": 1.9979,
  "USDCAD": 1.21762,
  "USDCDF": 1555.449951,
  "USDCHF": 0.965903,
  "USDCLF": 0.02329,
  "USDCLP": 625.799988,
  "USDCNY": 6.555498,
  "USDCOP": 2907.800049,
  "USDCRC": 573.940002,
  "USDCUC": 1,
  "USDCUP": 26.5,
  "USDCVE": 92.680129,
  "USDCZK": 21.937401,
  "USDDJF": 177.600006,
  "USDDKK": 6.25272,
  "USDDOP": 47.130001,
  "USDDZD": 111.324997,
  "USDEGP": 17.5977,
  "USDERN": 15.290295,
  "USDETB": 23.309999,
  "USDEUR": 0.840197,
  "USDFJD": 2.017499,
  "USDFKP": 0.756801,
  "USDGBP": 0.75723,
  "USDGEL": 2.448701,
  "USDGGP": 0.757168,
  "USDGHS": 4.413502,
  "USDGIP": 0.757097,
  "USDGMD": 44.900002,
  "USDGNF": 8919.999676,
  "USDGTQ": 7.290504,
  "USDGYD": 204.270004,
  "USDHKD": 7.81168,
  "USDHNL": 23.320319,
  "USDHRK": 6.284029,
  "USDHTG": 61.150002,
  "USDHUF": 258.769989,
  "USDIDR": 13261,
  "USDILS": 3.532499,
  "USDIMP": 0.757168,
  "USDINR": 64.089996,
  "USDIQD": 1166,
  "USDIRR": 33460.000046,
  "USDISK": 106.730003,
  "USDJEP": 0.757168,
  "USDJMD": 129.679993,
  "USDJOD": 0.707301,
  "USDJPY": 110.413002,
  "USDKES": 102.599998,
  "USDKGS": 68.712997,
  "USDKHR": 4050.000214,
  "USDKMF": 411.850006,
  "USDKPW": 900.000129,
  "USDKRW": 1130.449951,
  "USDKWD": 0.301597,
  "USDKYD": 0.819755,
  "USDKZT": 338.970001,
  "USDLAK": 8280.999419,
  "USDLBP": 1505.599976,
  "USDLKR": 153.000256,
  "USDLRD": 116.498062,
  "USDLSL": 13.130286,
  "USDLTL": 3.048698,
  "USDLVL": 0.62055,
  "USDLYD": 1.353397,
  "USDMAD": 9.365019,
  "USDMDL": 17.535002,
  "USDMGA": 3184.999955,
  "USDMKD": 51.470001,
  "USDMMK": 1352.999836,
  "USDMNT": 2447.999935,
  "USDMOP": 8.045697,
  "USDMRO": 360.999864,
  "USDMUR": 33.099998,
  "USDMVR": 15.449728,
  "USDMWK": 716.210022,
  "USDMXN": 17.762804,
  "USDMYR": 4.207797,
  "USDMZN": 60.599998,
  "USDNAD": 13.145024,
  "USDNGN": 360.00018,
  "USDNIO": 30.349106,
  "USDNOK": 7.89621,
  "USDNPR": 102.300003,
  "USDNZD": 1.38201,
  "USDOMR": 0.384599,
  "USDPAB": 1,
  "USDPEN": 3.237502,
  "USDPGK": 3.1898,
  "USDPHP": 51.220001,
  "USDPKR": 105.199997,
  "USDPLN": 3.599504,
  "USDPYG": 5638.000237,
  "USDQAR": 3.639798,
  "USDRON": 3.863403,
  "USDRSD": 100.021402,
  "USDRUB": 57.664603,
  "USDRWF": 827.400024,
  "USDSAR": 3.749902,
  "USDSBD": 7.686902,
  "USDSCR": 13.252045,
  "USDSDG": 6.666701,
  "USDSEK": 8.011103,
  "USDSGD": 1.35007,
  "USDSHP": 0.757103,
  "USDSLL": 7500.000008,
  "USDSOS": 556.999985,
  "USDSRD": 7.3698,
  "USDSTD": 20593.400391,
  "USDSVC": 8.750003,
  "USDSYP": 514.97998,
  "USDSZL": 13.136964,
  "USDTHB": 33.080002,
  "USDTJS": 8.803306,
  "USDTMT": 3.4,
  "USDTND": 2.441698,
  "USDTOP": 2.217298,
  "USDTRY": 3.458402,
  "USDTTD": 6.7275,
  "USDTWD": 30.106001,
  "USDTZS": 2235.000506,
  "USDUAH": 26.150354,
  "USDUGX": 3587.000355,
  "USDUSD": 1,
  "USDUYU": 28.799999,
  "USDUZS": 8081.000292,
  "USDVEF": 9.974504,
  "USDVND": 22725,
  "USDVUV": 103.160004,
  "USDWST": 2.520204,
  "USDXAF": 550.929993,
  "USDXAG": 0.056305,
  "USDXAU": 0.000755,
  "USDXCD": 2.704962,
  "USDXDR": 0.702272,
  "USDXOF": 543.380005,
  "USDXPF": 100.310422,
  "USDYER": 249.949997,
  "USDZAR": 13.153702,
  "USDZMK": 9001.199493,
  "USDZMW": 9.380253,
  "USDZWL": 322.355011
}



